[
{
    "model": "sites.site",
    "pk": 1,
    "fields": {
        "domain": "recetas.grigri.cloud",
        "name": "recetas.grigri.cloud"
    }
},
{
    "model": "sessions.session",
    "pk": "1g8yi3j9tass2z66qrzlqct3ze788l63",
    "fields": {
        "session_data": "ODNlMDYxZWY5MmQ2ZWZmMmQwYjVkM2I4MGQ4ZDQ1NTU0YmM4ZTQ0NTp7InJlY2lwZV9oaXN0b3J5IjpbWyJBbG1lbmRyYXMgZ2FycmFwaVx1MDBmMWFkYXMiLCIvcmVjaXBlL2FsbWVuZHJhcy1nYXJyYXBpbmFkYXMvIl0sWyJQYW5jZXRhIGFzYWRhIiwiL3JlY2lwZS9wYW5jZXRhLWFzYWRhLyJdLFsiUG9sbG8gdGlra2EgbWFzYWxhIiwiL3JlY2lwZS9wb2xsby10aWtrYS1tYXNhbGEvIl0sWyJTYWxzYSBkZSB0b21hdGUgY2FzZXJhIiwiL3JlY2lwZS9zYWxzYS1kZS10b21hdGUtY2FzZXJhLyJdXX0=",
        "expire_date": "2017-03-01T20:19:18.355"
    }
},
{
    "model": "sessions.session",
    "pk": "2om903wtiaa7l63ah8agy7d2tg9lloi0",
    "fields": {
        "session_data": "Mjc2ZGFkMWM4MTRiMmM4MTBjM2U5OWJlYTA0NGU0NTQ5Y2I2MmJhYzp7InJlY2lwZV9oaXN0b3J5IjpbWyJQb2xsbyB0aWtrYSBtYXNhbGEiLCIvcmVjaXBlL3BvbGxvLXRpa2thLW1hc2FsYS8iXSxbIkdhcmFtIE1hc2FsYSIsIi9yZWNpcGUvZ2FyYW0tbWFzYWxhLyJdXX0=",
        "expire_date": "2017-02-28T19:30:19.860"
    }
},
{
    "model": "sessions.session",
    "pk": "50z3mjkrby0a8kfl5grqq8nrqbiy2a2l",
    "fields": {
        "session_data": "ODBiMzY2Mzk1ODA5NjcwOTgxYWY5YmY4ZmJmMzk4N2JkZTk5NDJlMTp7InJlY2lwZV9oaXN0b3J5IjpbWyJQb2xsbyB0aWtrYSBtYXNhbGEiLCIvcmVjaXBlL3BvbGxvLXRpa2thLW1hc2FsYS8iXV19",
        "expire_date": "2017-02-28T12:02:50.371"
    }
},
{
    "model": "sessions.session",
    "pk": "9n9xk53f8iwjntlxc5c6ctej14gkwz9t",
    "fields": {
        "session_data": "OGUzODA0OWIwYTFiZTMwNDA5ZGRkNDA4MmZkYjU3MTNhMTIxOTVmNzp7InJvc2V0dGFfY2FjaGVfc3RvcmFnZV9rZXlfcHJlZml4IjoiZjVlYTQ1Mjg1MTJmNjc4OWM2NjZiNjY5N2M5NDgzOWRjZTViNjdiNyIsIl9hdXRoX3VzZXJfaWQiOiIxIiwiX2F1dGhfdXNlcl9iYWNrZW5kIjoiZGphbmdvLmNvbnRyaWIuYXV0aC5iYWNrZW5kcy5Nb2RlbEJhY2tlbmQiLCJyZWNpcGVfaGlzdG9yeSI6W1siQWxtZW5kcmFzIGdhcnJhcGlcdTAwZjFhZGFzIiwiL3JlY2lwZS9hbG1lbmRyYXMtZ2FycmFwaW5hZGFzLyJdLFsiR2FyYW0gTWFzYWxhIiwiL3JlY2lwZS9nYXJhbS1tYXNhbGEvIl0sWyJDb2NpZG8iLCIvcmVjaXBlL2NvY2lkby8iXSxbIkZhYmFkYSIsIi9yZWNpcGUvZmFiYWRhLyJdXSwiX2xhbmd1YWdlIjoiZXMiLCJfYXV0aF91c2VyX2hhc2giOiI2OTdmNTFlODdmZDZhMDRjNzU3ODA0MTEwZWQ3NWFmZmFjMzNmOWQxIn0=",
        "expire_date": "2017-03-01T16:26:58.758"
    }
},
{
    "model": "sessions.session",
    "pk": "ckpix71s55v6a287yd1w56dizgwachjr",
    "fields": {
        "session_data": "MWEzZWJkNzJlOTYzZjU0NWU3ZWJkZGRjZWYzZTlhOGQ3MDc4M2RlYzp7Il9hdXRoX3VzZXJfaGFzaCI6IjZmM2M1ZmFhMWQyNWRiMmQ5MTZiZWQ3NTIxYzBmM2YyMGY4ZmRkNjYiLCJfYXV0aF91c2VyX2JhY2tlbmQiOiJkamFuZ28uY29udHJpYi5hdXRoLmJhY2tlbmRzLk1vZGVsQmFja2VuZCIsIl9hdXRoX3VzZXJfaWQiOiIxMSJ9",
        "expire_date": "2017-02-28T16:34:52.948"
    }
},
{
    "model": "sessions.session",
    "pk": "d5ihn36922wpg7gwb5utho9r7dakkz60",
    "fields": {
        "session_data": "ZTg5NWZlZWYwZWUzODJlNmE2MTA4MWZjZmZkN2Y2NzM2ZmNjM2I2NDp7InJlY2lwZV9oaXN0b3J5IjpbWyJTYWxzYSBkZSB0b21hdGUgY2FzZXJhIiwiL3JlY2lwZS9zYWxzYS1kZS10b21hdGUtY2FzZXJhLyJdLFsiUGFuY2V0YSBhc2FkYSIsIi9yZWNpcGUvcGFuY2V0YS1hc2FkYS8iXV19",
        "expire_date": "2017-03-01T22:38:53.793"
    }
},
{
    "model": "sessions.session",
    "pk": "eog8r1t880t17auuwb1zpl0r19rykuwr",
    "fields": {
        "session_data": "YmY3NjU0MzExNDY3ZGE1NjM0Y2QzODc4Mzk1NGI0OGZjYmY5YmJhYjp7InJlY2lwZV9oaXN0b3J5IjpbWyJHYXJhbSBNYXNhbGEiLCIvcmVjaXBlL2dhcmFtLW1hc2FsYS8iXSxbIkNvY2lkbyIsIi9yZWNpcGUvY29jaWRvLyJdLFsiUG9sbG8gdGlra2EgbWFzYWxhIiwiL3JlY2lwZS9wb2xsby10aWtrYS1tYXNhbGEvIl1dfQ==",
        "expire_date": "2017-02-28T14:06:39.865"
    }
},
{
    "model": "sessions.session",
    "pk": "eskybye3bnebg3bwuqtdkzndcpt0umwm",
    "fields": {
        "session_data": "MDVhYTY1ZjkwMTNmMTZlZmZlMGE1Y2QyY2FmMTk3NzY0ZjhjNTNmODp7Il9hdXRoX3VzZXJfaGFzaCI6IjY5N2Y1MWU4N2ZkNmEwNGM3NTc4MDQxMTBlZDc1YWZmYWMzM2Y5ZDEiLCJfYXV0aF91c2VyX2JhY2tlbmQiOiJkamFuZ28uY29udHJpYi5hdXRoLmJhY2tlbmRzLk1vZGVsQmFja2VuZCIsIl9hdXRoX3VzZXJfaWQiOiIxIn0=",
        "expire_date": "2017-02-27T22:00:02.709"
    }
},
{
    "model": "sessions.session",
    "pk": "gh4zrsqe9musc9vy86ewj5zkduacxpt8",
    "fields": {
        "session_data": "ODBiMzY2Mzk1ODA5NjcwOTgxYWY5YmY4ZmJmMzk4N2JkZTk5NDJlMTp7InJlY2lwZV9oaXN0b3J5IjpbWyJQb2xsbyB0aWtrYSBtYXNhbGEiLCIvcmVjaXBlL3BvbGxvLXRpa2thLW1hc2FsYS8iXV19",
        "expire_date": "2017-03-02T12:16:16.614"
    }
},
{
    "model": "sessions.session",
    "pk": "hro8zjskmduc4zdudqjv3x1mvax404t3",
    "fields": {
        "session_data": "MGJhNjhjOGMzYmUwNTMwNDZlNjhhNGFjZGU0YzVkMmIxYTc4MzBmYjp7InJlY2lwZV9oaXN0b3J5IjpbWyJQYW5jZXRhIGFzYWRhIiwiL3JlY2lwZS9wYW5jZXRhLWFzYWRhLyJdXSwiX2F1dGhfdXNlcl9oYXNoIjoiZTIzNWVjZDhlYWQ1OGQ0NTRkOWFkNTEyN2EwOGJjZGQxMjRkYzAxZSIsIl9hdXRoX3VzZXJfaWQiOiI1IiwiX2F1dGhfdXNlcl9iYWNrZW5kIjoiZGphbmdvLmNvbnRyaWIuYXV0aC5iYWNrZW5kcy5Nb2RlbEJhY2tlbmQifQ==",
        "expire_date": "2017-02-27T23:30:40.787"
    }
},
{
    "model": "sessions.session",
    "pk": "irq68bvmis52fxnfosjq3l2kpq4kjtff",
    "fields": {
        "session_data": "YzcwZTFhNDg2YzIyMjk3YjUxMWRiMjhjZTU5NDVhZTE2OTBmYjc2Mzp7Il9hdXRoX3VzZXJfaGFzaCI6IjE4NDNlNDE5OWEzNDdiYjZlMjc5MGJlOTk5MzZiOTEyMWUwZjkxMGQiLCJfYXV0aF91c2VyX2JhY2tlbmQiOiJkamFuZ28uY29udHJpYi5hdXRoLmJhY2tlbmRzLk1vZGVsQmFja2VuZCIsIl9hdXRoX3VzZXJfaWQiOiI2In0=",
        "expire_date": "2017-02-27T23:23:10.787"
    }
},
{
    "model": "sessions.session",
    "pk": "ntaq1f54ciwvzvzec3vqzrtxux6cjold",
    "fields": {
        "session_data": "MmQ2MjQ0OTU3ZmU1N2FhYzg3YjRiYTBlY2Y3ZjAxOGJlMjNhYWY5Mzp7InJlY2lwZV9oaXN0b3J5IjpbWyJQYW5jZXRhIGFzYWRhIiwiL3JlY2lwZS9wYW5jZXRhLWFzYWRhLyJdLFsiUG9sbG8gdGlra2EgbWFzYWxhIiwiL3JlY2lwZS9wb2xsby10aWtrYS1tYXNhbGEvIl0sWyJHYXJhbSBNYXNhbGEiLCIvcmVjaXBlL2dhcmFtLW1hc2FsYS8iXV19",
        "expire_date": "2017-02-28T12:29:55.168"
    }
},
{
    "model": "sessions.session",
    "pk": "of0gsxup4dtlc2dm5adji39pghc2h60g",
    "fields": {
        "session_data": "MTE1YTNhOTM4NjA5OGZmMmQ1ZTNkMzJhZDdmY2Q4ZTgzZGU4NzZkMDp7Il9sYW5ndWFnZSI6ImVzIiwicmVjaXBlX2hpc3RvcnkiOltbIkdhcmFtIE1hc2FsYSIsIi9yZWNpcGUvZ2FyYW0tbWFzYWxhLyJdLFsiUGFuY2V0YSBhc2FkYSIsIi9yZWNpcGUvcGFuY2V0YS1hc2FkYS8iXSxbIlBvbGxvIHRpa2thIG1hc2FsYSIsIi9yZWNpcGUvcG9sbG8tdGlra2EtbWFzYWxhLyJdXSwiX2F1dGhfdXNlcl9oYXNoIjoiMTY2YmRjYjg4MWI3MjllYjhiN2YwNjI2YThhNWVmMWQyNzAyZmEyOCIsIl9hdXRoX3VzZXJfYmFja2VuZCI6ImRqYW5nby5jb250cmliLmF1dGguYmFja2VuZHMuTW9kZWxCYWNrZW5kIiwiX2F1dGhfdXNlcl9pZCI6IjcifQ==",
        "expire_date": "2017-02-28T08:12:42.100"
    }
},
{
    "model": "sessions.session",
    "pk": "ogn28ll0ap6baaup7hhej8vv1cxnzole",
    "fields": {
        "session_data": "ZjhjZThmZDUzZTg4NzZkYjc1OTUyZWVmOTM2ZmM0ZmEwMzVhZWYzMjp7InJlY2lwZV9oaXN0b3J5IjpbWyJQb2xsbyB0aWtrYSBtYXNhbGEiLCIvcmVjaXBlL3BvbGxvLXRpa2thLW1hc2FsYS8iXV0sIl9hdXRoX3VzZXJfaGFzaCI6ImFlYmYxYThlZWFjYTcwNWQxY2FkMzViMzY1Nzg1N2MyNWI1NTViMTIiLCJfYXV0aF91c2VyX2lkIjoiNCIsIl9hdXRoX3VzZXJfYmFja2VuZCI6ImRqYW5nby5jb250cmliLmF1dGguYmFja2VuZHMuTW9kZWxCYWNrZW5kIn0=",
        "expire_date": "2017-02-27T23:12:46.976"
    }
},
{
    "model": "sessions.session",
    "pk": "pm9l1tn5pi9ty53vqwqymlq6wby1qkru",
    "fields": {
        "session_data": "ZjE2NDA2NWYzZmNhOWExODk4ZGFmNjZjNGYyNThlZTAzMzFhNDUzNDp7InJlY2lwZV9oaXN0b3J5IjpbWyJDb2NpZG8iLCIvcmVjaXBlL2NvY2lkby8iXV19",
        "expire_date": "2017-02-28T09:55:03.223"
    }
},
{
    "model": "sessions.session",
    "pk": "q2humdhakqpnbeqh7dwr3zy2drr2dcaj",
    "fields": {
        "session_data": "OWFiOWQ3NzBiYzgxNWRjYjZkNjA2YmM4MzE4ZDcxMTY5OThjYjk3ODp7Il9sYW5ndWFnZSI6ImVzIiwiX2F1dGhfdXNlcl9oYXNoIjoiNjk3ZjUxZTg3ZmQ2YTA0Yzc1NzgwNDExMGVkNzVhZmZhYzMzZjlkMSIsIl9hdXRoX3VzZXJfYmFja2VuZCI6Im9wZW5lYXRzLmFjY291bnRzLmJhY2tlbmRzLkNhc2VJbnNlbnNpdGl2ZU1vZGVsQmFja2VuZCIsIl9hdXRoX3VzZXJfaWQiOiIxIn0=",
        "expire_date": "2017-03-01T23:53:48.786"
    }
},
{
    "model": "sessions.session",
    "pk": "qngstdgeqt4o0g1fj3bxgodwodlmf8el",
    "fields": {
        "session_data": "YjIzMTQ0OTIzZmM1NTViNjY0YjI5YTY2ZjE1MDkwN2M1MmFmNGY1ZTp7InJlY2lwZV9oaXN0b3J5IjpbWyJHYXJhbSBNYXNhbGEiLCIvcmVjaXBlL2dhcmFtLW1hc2FsYS8iXSxbIlBvbGxvIHRpa2thIG1hc2FsYSIsIi9yZWNpcGUvcG9sbG8tdGlra2EtbWFzYWxhLyJdXSwiX2F1dGhfdXNlcl9oYXNoIjoiMTY2YmRjYjg4MWI3MjllYjhiN2YwNjI2YThhNWVmMWQyNzAyZmEyOCIsIl9hdXRoX3VzZXJfYmFja2VuZCI6ImRqYW5nby5jb250cmliLmF1dGguYmFja2VuZHMuTW9kZWxCYWNrZW5kIiwiX2F1dGhfdXNlcl9pZCI6IjcifQ==",
        "expire_date": "2017-03-01T17:29:01.808"
    }
},
{
    "model": "sessions.session",
    "pk": "qrsyr8spum7wp48rit4ihao1lta5gi0y",
    "fields": {
        "session_data": "NzgxMzdhMDhkMTM5Y2RiNTViYTg0NDI4YTc4NzQ4N2VkZDgxOWU4Zjp7InJlY2lwZV9oaXN0b3J5IjpbWyJGYWJhZGEiLCIvcmVjaXBlL2ZhYmFkYS8iXV0sIl9hdXRoX3VzZXJfaGFzaCI6IjdmMGViZjg3YzlkMTI5YjU5MDZiNzI2Y2RiMDhiYTZiMzlkNGZhZGIiLCJfYXV0aF91c2VyX2JhY2tlbmQiOiJkamFuZ28uY29udHJpYi5hdXRoLmJhY2tlbmRzLk1vZGVsQmFja2VuZCIsIl9hdXRoX3VzZXJfaWQiOiIxMCJ9",
        "expire_date": "2017-02-28T08:30:18.936"
    }
},
{
    "model": "sessions.session",
    "pk": "rcliqlo4n7tavzpg0ini4q0k9qdp8xha",
    "fields": {
        "session_data": "YmRiMjUwZmZmZjZhOTdjZTU4ZmNmZTI2ODc1NDhiYTQxODMyOWFlODp7Il9sYW5ndWFnZSI6ImVzIiwicmVjaXBlX2hpc3RvcnkiOltbIkdhcmFtIE1hc2FsYSIsIi9yZWNpcGUvZ2FyYW0tbWFzYWxhLyJdXSwiX2F1dGhfdXNlcl9oYXNoIjoiMWUwZDFjYjNiZWUyZjA0ZGFhMjlkNmIwZjhjMGVlMTdlNDFmZmRlMiIsIl9hdXRoX3VzZXJfaWQiOiI4IiwiX2F1dGhfdXNlcl9iYWNrZW5kIjoiZGphbmdvLmNvbnRyaWIuYXV0aC5iYWNrZW5kcy5Nb2RlbEJhY2tlbmQifQ==",
        "expire_date": "2017-02-28T08:21:22.142"
    }
},
{
    "model": "sessions.session",
    "pk": "rt8sk98j3mcyxym8wuzszddt3hl95phc",
    "fields": {
        "session_data": "N2YzNjM1ZmUxMjZkN2EzMTM5ZDBjMjg3YjgwODY5ZTA3OGYzYzJjMjp7InJlY2lwZV9oaXN0b3J5IjpbWyJHYXJhbSBNYXNhbGEiLCIvcmVjaXBlL2dhcmFtLW1hc2FsYS8iXV19",
        "expire_date": "2017-03-02T12:16:16.838"
    }
},
{
    "model": "sessions.session",
    "pk": "unigw5ilizgmbynh3uzx0e45azkiats6",
    "fields": {
        "session_data": "ZjE2NDA2NWYzZmNhOWExODk4ZGFmNjZjNGYyNThlZTAzMzFhNDUzNDp7InJlY2lwZV9oaXN0b3J5IjpbWyJDb2NpZG8iLCIvcmVjaXBlL2NvY2lkby8iXV19",
        "expire_date": "2017-02-28T08:03:52.411"
    }
},
{
    "model": "sessions.session",
    "pk": "v1vxpl8c77tum7tjczfvfof1tuy5f72j",
    "fields": {
        "session_data": "ZWNhNzIzMmI0M2NkNmJkZDM3M2M0ODg3ZWE3ZmYyMGQyNTFkMzQ0ZDp7InJlY2lwZV9oaXN0b3J5IjpbWyJGYWJhZGEiLCIvcmVjaXBlL2ZhYmFkYS8iXV19",
        "expire_date": "2017-03-01T07:58:10.930"
    }
},
{
    "model": "sessions.session",
    "pk": "w4vi09g8891f54ix4he5c2b5gt7mfd3d",
    "fields": {
        "session_data": "MDMwMjc2YmMwYjMyZTkxMWJiY2RjNzBmOTRmYzQzNDcxMThmODFhMzp7InJlY2lwZV9oaXN0b3J5IjpbWyJTYWxzYSBkZSB0b21hdGUgY2FzZXJhIiwiL3JlY2lwZS9zYWxzYS1kZS10b21hdGUtY2FzZXJhLyJdXSwiX2F1dGhfdXNlcl9oYXNoIjoiMTY2YmRjYjg4MWI3MjllYjhiN2YwNjI2YThhNWVmMWQyNzAyZmEyOCIsIl9hdXRoX3VzZXJfaWQiOiI3IiwiX2F1dGhfdXNlcl9iYWNrZW5kIjoiZGphbmdvLmNvbnRyaWIuYXV0aC5iYWNrZW5kcy5Nb2RlbEJhY2tlbmQifQ==",
        "expire_date": "2017-02-28T16:24:03.821"
    }
},
{
    "model": "sessions.session",
    "pk": "wlok7irc2p6egekny7heoz70931s9pxf",
    "fields": {
        "session_data": "N2ZlY2MyNGJkYmNlMzYxMDNiYTllYWUwOGI0MmE0MTc5M2VjMDdlZjp7Il9sYW5ndWFnZSI6ImVzIiwicmVjaXBlX2hpc3RvcnkiOltbIkNvY2lkbyIsIi9yZWNpcGUvY29jaWRvLyJdLFsiU2Fsc2EgZGUgdG9tYXRlIGNhc2VyYSIsIi9yZWNpcGUvc2Fsc2EtZGUtdG9tYXRlLWNhc2VyYS8iXV0sIl9hdXRoX3VzZXJfaGFzaCI6IjY5N2Y1MWU4N2ZkNmEwNGM3NTc4MDQxMTBlZDc1YWZmYWMzM2Y5ZDEiLCJfYXV0aF91c2VyX2lkIjoiMSIsIl9hdXRoX3VzZXJfYmFja2VuZCI6ImRqYW5nby5jb250cmliLmF1dGguYmFja2VuZHMuTW9kZWxCYWNrZW5kIn0=",
        "expire_date": "2017-03-01T10:45:16.471"
    }
},
{
    "model": "sessions.session",
    "pk": "yam95fzils24emqlo8j6dc9duksuors2",
    "fields": {
        "session_data": "M2JiNDZlMzAyZjljZjE0ZWI1YzY4OTZlNGE0YjkwMGM5MmZiYTAyMjp7Il9sYW5ndWFnZSI6ImVzIiwicmVjaXBlX2hpc3RvcnkiOltbIlBvbGxvIHRpa2thIG1hc2FsYSIsIi9yZWNpcGUvcG9sbG8tdGlra2EtbWFzYWxhLyJdXSwiX2F1dGhfdXNlcl9oYXNoIjoiZWRhODcyMjYyMDBkNTIyNzhlODE3NDQ5YzU3NDgwMWE1MWI1NDI3MiIsIl9hdXRoX3VzZXJfYmFja2VuZCI6ImRqYW5nby5jb250cmliLmF1dGguYmFja2VuZHMuTW9kZWxCYWNrZW5kIiwiX2F1dGhfdXNlcl9pZCI6IjE1In0=",
        "expire_date": "2017-03-01T12:02:16.655"
    }
},
{
    "model": "sessions.session",
    "pk": "zm2c1c9j47zn2e6qsf69v884bjzanswh",
    "fields": {
        "session_data": "MDZiOGE2MDkwYjM2Mzk2MzQ0MzVjOWRkMDMwOGY3OTQ0N2UwYTE0ZTp7InJlY2lwZV9oaXN0b3J5IjpbWyJQb2xsbyB0aWtrYSBtYXNhbGEiLCIvcmVjaXBlL3BvbGxvLXRpa2thLW1hc2FsYS8iXSxbIlNhbHNhIGRlIHRvbWF0ZSBjYXNlcmEiLCIvcmVjaXBlL3NhbHNhLWRlLXRvbWF0ZS1jYXNlcmEvIl1dLCJfYXV0aF91c2VyX2hhc2giOiIxNjZiZGNiODgxYjcyOWViOGI3ZjA2MjZhOGE1ZWYxZDI3MDJmYTI4IiwiX2F1dGhfdXNlcl9pZCI6IjciLCJfYXV0aF91c2VyX2JhY2tlbmQiOiJkamFuZ28uY29udHJpYi5hdXRoLmJhY2tlbmRzLk1vZGVsQmFja2VuZCJ9",
        "expire_date": "2017-03-01T09:41:00.523"
    }
},
{
    "model": "taggit.tag",
    "pk": 1,
    "fields": {
        "name": "alubias",
        "slug": "alubias"
    }
},
{
    "model": "taggit.tag",
    "pk": 2,
    "fields": {
        "name": "fabada",
        "slug": "fabada"
    }
},
{
    "model": "taggit.tag",
    "pk": 3,
    "fields": {
        "name": "cuchara",
        "slug": "cuchara"
    }
},
{
    "model": "taggit.tag",
    "pk": 4,
    "fields": {
        "name": "grasa",
        "slug": "grasa"
    }
},
{
    "model": "taggit.tag",
    "pk": 5,
    "fields": {
        "name": "panceta",
        "slug": "panceta"
    }
},
{
    "model": "taggit.tag",
    "pk": 6,
    "fields": {
        "name": "asado",
        "slug": "asado"
    }
},
{
    "model": "taggit.tag",
    "pk": 7,
    "fields": {
        "name": "arroz",
        "slug": "arroz"
    }
},
{
    "model": "taggit.tag",
    "pk": 8,
    "fields": {
        "name": "picante",
        "slug": "picante"
    }
},
{
    "model": "taggit.tag",
    "pk": 9,
    "fields": {
        "name": "especias",
        "slug": "especias"
    }
},
{
    "model": "taggit.tag",
    "pk": 10,
    "fields": {
        "name": "pollo",
        "slug": "pollo"
    }
},
{
    "model": "taggit.tag",
    "pk": 11,
    "fields": {
        "name": "energetico",
        "slug": "energetico"
    }
},
{
    "model": "taggit.tag",
    "pk": 12,
    "fields": {
        "name": "azucar",
        "slug": "azucar"
    }
},
{
    "model": "taggit.tag",
    "pk": 13,
    "fields": {
        "name": "garrapi\u00f1adas",
        "slug": "garrapinadas"
    }
},
{
    "model": "taggit.tag",
    "pk": 14,
    "fields": {
        "name": "almendras",
        "slug": "almendras"
    }
},
{
    "model": "taggit.tag",
    "pk": 15,
    "fields": {
        "name": "dulce",
        "slug": "dulce"
    }
},
{
    "model": "taggit.tag",
    "pk": 16,
    "fields": {
        "name": "india",
        "slug": "india"
    }
},
{
    "model": "taggit.tag",
    "pk": 17,
    "fields": {
        "name": "mezcla",
        "slug": "mezcla"
    }
},
{
    "model": "taggit.tag",
    "pk": 18,
    "fields": {
        "name": "garbanzos",
        "slug": "garbanzos"
    }
},
{
    "model": "taggit.tag",
    "pk": 19,
    "fields": {
        "name": "morcillo",
        "slug": "morcillo"
    }
},
{
    "model": "taggit.tag",
    "pk": 20,
    "fields": {
        "name": "cocido",
        "slug": "cocido"
    }
},
{
    "model": "taggit.tag",
    "pk": 21,
    "fields": {
        "name": "salsa",
        "slug": "salsa"
    }
},
{
    "model": "taggit.tag",
    "pk": 22,
    "fields": {
        "name": "tomate",
        "slug": "tomate"
    }
},
{
    "model": "taggit.taggeditem",
    "pk": 1,
    "fields": {
        "tag": 1,
        "content_type": 20,
        "object_id": 1
    }
},
{
    "model": "taggit.taggeditem",
    "pk": 2,
    "fields": {
        "tag": 2,
        "content_type": 20,
        "object_id": 1
    }
},
{
    "model": "taggit.taggeditem",
    "pk": 3,
    "fields": {
        "tag": 3,
        "content_type": 20,
        "object_id": 1
    }
},
{
    "model": "taggit.taggeditem",
    "pk": 4,
    "fields": {
        "tag": 4,
        "content_type": 20,
        "object_id": 2
    }
},
{
    "model": "taggit.taggeditem",
    "pk": 5,
    "fields": {
        "tag": 5,
        "content_type": 20,
        "object_id": 2
    }
},
{
    "model": "taggit.taggeditem",
    "pk": 6,
    "fields": {
        "tag": 6,
        "content_type": 20,
        "object_id": 2
    }
},
{
    "model": "taggit.taggeditem",
    "pk": 7,
    "fields": {
        "tag": 8,
        "content_type": 20,
        "object_id": 3
    }
},
{
    "model": "taggit.taggeditem",
    "pk": 8,
    "fields": {
        "tag": 9,
        "content_type": 20,
        "object_id": 3
    }
},
{
    "model": "taggit.taggeditem",
    "pk": 9,
    "fields": {
        "tag": 10,
        "content_type": 20,
        "object_id": 3
    }
},
{
    "model": "taggit.taggeditem",
    "pk": 10,
    "fields": {
        "tag": 7,
        "content_type": 20,
        "object_id": 3
    }
},
{
    "model": "taggit.taggeditem",
    "pk": 11,
    "fields": {
        "tag": 11,
        "content_type": 20,
        "object_id": 4
    }
},
{
    "model": "taggit.taggeditem",
    "pk": 12,
    "fields": {
        "tag": 12,
        "content_type": 20,
        "object_id": 4
    }
},
{
    "model": "taggit.taggeditem",
    "pk": 13,
    "fields": {
        "tag": 13,
        "content_type": 20,
        "object_id": 4
    }
},
{
    "model": "taggit.taggeditem",
    "pk": 14,
    "fields": {
        "tag": 14,
        "content_type": 20,
        "object_id": 4
    }
},
{
    "model": "taggit.taggeditem",
    "pk": 15,
    "fields": {
        "tag": 15,
        "content_type": 20,
        "object_id": 4
    }
},
{
    "model": "taggit.taggeditem",
    "pk": 16,
    "fields": {
        "tag": 16,
        "content_type": 20,
        "object_id": 5
    }
},
{
    "model": "taggit.taggeditem",
    "pk": 17,
    "fields": {
        "tag": 9,
        "content_type": 20,
        "object_id": 5
    }
},
{
    "model": "taggit.taggeditem",
    "pk": 18,
    "fields": {
        "tag": 17,
        "content_type": 20,
        "object_id": 5
    }
},
{
    "model": "taggit.taggeditem",
    "pk": 19,
    "fields": {
        "tag": 3,
        "content_type": 20,
        "object_id": 6
    }
},
{
    "model": "taggit.taggeditem",
    "pk": 20,
    "fields": {
        "tag": 18,
        "content_type": 20,
        "object_id": 6
    }
},
{
    "model": "taggit.taggeditem",
    "pk": 21,
    "fields": {
        "tag": 19,
        "content_type": 20,
        "object_id": 6
    }
},
{
    "model": "taggit.taggeditem",
    "pk": 22,
    "fields": {
        "tag": 20,
        "content_type": 20,
        "object_id": 6
    }
},
{
    "model": "taggit.taggeditem",
    "pk": 23,
    "fields": {
        "tag": 9,
        "content_type": 20,
        "object_id": 7
    }
},
{
    "model": "taggit.taggeditem",
    "pk": 24,
    "fields": {
        "tag": 21,
        "content_type": 20,
        "object_id": 7
    }
},
{
    "model": "taggit.taggeditem",
    "pk": 25,
    "fields": {
        "tag": 22,
        "content_type": 20,
        "object_id": 7
    }
},
{
    "model": "djangoratings.score",
    "pk": 1,
    "fields": {
        "content_type": 20,
        "object_id": 1,
        "key": "2c5504ab9a86164db22a92dc8793843d",
        "score": 5,
        "votes": 1
    }
},
{
    "model": "djangoratings.score",
    "pk": 2,
    "fields": {
        "content_type": 20,
        "object_id": 2,
        "key": "2c5504ab9a86164db22a92dc8793843d",
        "score": 3,
        "votes": 1
    }
},
{
    "model": "djangoratings.score",
    "pk": 3,
    "fields": {
        "content_type": 20,
        "object_id": 3,
        "key": "2c5504ab9a86164db22a92dc8793843d",
        "score": 4,
        "votes": 1
    }
},
{
    "model": "djangoratings.score",
    "pk": 4,
    "fields": {
        "content_type": 20,
        "object_id": 4,
        "key": "2c5504ab9a86164db22a92dc8793843d",
        "score": 3,
        "votes": 1
    }
},
{
    "model": "djangoratings.score",
    "pk": 5,
    "fields": {
        "content_type": 20,
        "object_id": 6,
        "key": "2c5504ab9a86164db22a92dc8793843d",
        "score": 5,
        "votes": 1
    }
},
{
    "model": "djangoratings.score",
    "pk": 6,
    "fields": {
        "content_type": 20,
        "object_id": 5,
        "key": "2c5504ab9a86164db22a92dc8793843d",
        "score": 4,
        "votes": 1
    }
},
{
    "model": "djangoratings.score",
    "pk": 7,
    "fields": {
        "content_type": 20,
        "object_id": 7,
        "key": "2c5504ab9a86164db22a92dc8793843d",
        "score": 10,
        "votes": 2
    }
},
{
    "model": "relationships.relationshipstatus",
    "pk": 1,
    "fields": {
        "name": "Following",
        "verb": "follow",
        "from_slug": "following",
        "to_slug": "followers",
        "symmetrical_slug": "friends",
        "login_required": false,
        "private": false
    }
},
{
    "model": "relationships.relationshipstatus",
    "pk": 2,
    "fields": {
        "name": "Blocking",
        "verb": "block",
        "from_slug": "blocking",
        "to_slug": "blockers",
        "symmetrical_slug": "!",
        "login_required": true,
        "private": true
    }
},
{
    "model": "ingredient.ingredient",
    "pk": 1,
    "fields": {
        "title": "fabes",
        "quantity": "500",
        "measurement": "g",
        "preparation": "",
        "recipe": 1
    }
},
{
    "model": "ingredient.ingredient",
    "pk": 2,
    "fields": {
        "title": "compango",
        "quantity": "1",
        "measurement": "unidad",
        "preparation": "",
        "recipe": 1
    }
},
{
    "model": "ingredient.ingredient",
    "pk": 3,
    "fields": {
        "title": "cebolla",
        "quantity": "1",
        "measurement": "unidad",
        "preparation": "",
        "recipe": 1
    }
},
{
    "model": "ingredient.ingredient",
    "pk": 4,
    "fields": {
        "title": "azafran",
        "quantity": "1",
        "measurement": "unidad",
        "preparation": "(Opcional)",
        "recipe": 1
    }
},
{
    "model": "ingredient.ingredient",
    "pk": 5,
    "fields": {
        "title": "panceta",
        "quantity": "600",
        "measurement": "g",
        "preparation": "",
        "recipe": 2
    }
},
{
    "model": "ingredient.ingredient",
    "pk": 6,
    "fields": {
        "title": "cebolla",
        "quantity": "1",
        "measurement": "unidad",
        "preparation": "",
        "recipe": 2
    }
},
{
    "model": "ingredient.ingredient",
    "pk": 7,
    "fields": {
        "title": "dientes de ajo",
        "quantity": "4",
        "measurement": "unidad",
        "preparation": "",
        "recipe": 2
    }
},
{
    "model": "ingredient.ingredient",
    "pk": 8,
    "fields": {
        "title": "romero",
        "quantity": "1",
        "measurement": "",
        "preparation": "",
        "recipe": 2
    }
},
{
    "model": "ingredient.ingredient",
    "pk": 9,
    "fields": {
        "title": "vino blanco",
        "quantity": "25",
        "measurement": "cl",
        "preparation": "",
        "recipe": 2
    }
},
{
    "model": "ingredient.ingredient",
    "pk": 10,
    "fields": {
        "title": "pechuga de pollo",
        "quantity": "4",
        "measurement": "unidad",
        "preparation": "",
        "recipe": 3
    }
},
{
    "model": "ingredient.ingredient",
    "pk": 11,
    "fields": {
        "title": "dientes de ajo",
        "quantity": "4",
        "measurement": "unidad",
        "preparation": "",
        "recipe": 3
    }
},
{
    "model": "ingredient.ingredient",
    "pk": 12,
    "fields": {
        "title": "cebolla",
        "quantity": "2",
        "measurement": "unidad",
        "preparation": "",
        "recipe": 3
    }
},
{
    "model": "ingredient.ingredient",
    "pk": 13,
    "fields": {
        "title": "canela en rama",
        "quantity": "1",
        "measurement": "unidad",
        "preparation": "",
        "recipe": 3
    }
},
{
    "model": "ingredient.ingredient",
    "pk": 14,
    "fields": {
        "title": "jengibre",
        "quantity": "1",
        "measurement": "trozo",
        "preparation": "",
        "recipe": 3
    }
},
{
    "model": "ingredient.ingredient",
    "pk": 15,
    "fields": {
        "title": "leche de coco",
        "quantity": "50",
        "measurement": "cl",
        "preparation": "",
        "recipe": 3
    }
},
{
    "model": "ingredient.ingredient",
    "pk": 16,
    "fields": {
        "title": "comino",
        "quantity": "1",
        "measurement": "cucharada",
        "preparation": "",
        "recipe": 3
    }
},
{
    "model": "ingredient.ingredient",
    "pk": 17,
    "fields": {
        "title": "curcuma",
        "quantity": "1",
        "measurement": "cucharada",
        "preparation": "",
        "recipe": 3
    }
},
{
    "model": "ingredient.ingredient",
    "pk": 18,
    "fields": {
        "title": "garam masala",
        "quantity": "1",
        "measurement": "cucharada",
        "preparation": "",
        "recipe": 3
    }
},
{
    "model": "ingredient.ingredient",
    "pk": 19,
    "fields": {
        "title": "almendras crudas",
        "quantity": "4",
        "measurement": "cucharadas",
        "preparation": "",
        "recipe": 4
    }
},
{
    "model": "ingredient.ingredient",
    "pk": 20,
    "fields": {
        "title": "az\u00facar",
        "quantity": "3",
        "measurement": "cucharadas",
        "preparation": "",
        "recipe": 4
    }
},
{
    "model": "ingredient.ingredient",
    "pk": 21,
    "fields": {
        "title": "agua",
        "quantity": "2",
        "measurement": "cucharadas",
        "preparation": "",
        "recipe": 4
    }
},
{
    "model": "ingredient.ingredient",
    "pk": 22,
    "fields": {
        "title": "semillas de cilantro",
        "quantity": "1",
        "measurement": "cucharadita",
        "preparation": "",
        "recipe": 5
    }
},
{
    "model": "ingredient.ingredient",
    "pk": 23,
    "fields": {
        "title": "comino",
        "quantity": "1",
        "measurement": "cucharadita",
        "preparation": "",
        "recipe": 5
    }
},
{
    "model": "ingredient.ingredient",
    "pk": 24,
    "fields": {
        "title": "cardamomo",
        "quantity": "1",
        "measurement": "cucharadita",
        "preparation": "",
        "recipe": 5
    }
},
{
    "model": "ingredient.ingredient",
    "pk": 25,
    "fields": {
        "title": "pimienta negra",
        "quantity": "1",
        "measurement": "cucharadita",
        "preparation": "",
        "recipe": 5
    }
},
{
    "model": "ingredient.ingredient",
    "pk": 26,
    "fields": {
        "title": "nuez moscada",
        "quantity": "1/2",
        "measurement": "cucharadita",
        "preparation": "",
        "recipe": 5
    }
},
{
    "model": "ingredient.ingredient",
    "pk": 27,
    "fields": {
        "title": "canela",
        "quantity": "1/2",
        "measurement": "cucharadita",
        "preparation": "",
        "recipe": 5
    }
},
{
    "model": "ingredient.ingredient",
    "pk": 28,
    "fields": {
        "title": "clavo",
        "quantity": "1/2",
        "measurement": "cucharadita",
        "preparation": "",
        "recipe": 5
    }
},
{
    "model": "ingredient.ingredient",
    "pk": 29,
    "fields": {
        "title": "morcillo",
        "quantity": "1",
        "measurement": "kg",
        "preparation": "",
        "recipe": 6
    }
},
{
    "model": "ingredient.ingredient",
    "pk": 30,
    "fields": {
        "title": "zanahoria",
        "quantity": "1",
        "measurement": "unidad",
        "preparation": "",
        "recipe": 6
    }
},
{
    "model": "ingredient.ingredient",
    "pk": 31,
    "fields": {
        "title": "puerro",
        "quantity": "1",
        "measurement": "unidad",
        "preparation": "",
        "recipe": 6
    }
},
{
    "model": "ingredient.ingredient",
    "pk": 32,
    "fields": {
        "title": "garbanzos",
        "quantity": "300",
        "measurement": "g",
        "preparation": "",
        "recipe": 6
    }
},
{
    "model": "ingredient.ingredient",
    "pk": 33,
    "fields": {
        "title": "chorizo",
        "quantity": "1",
        "measurement": "unidad",
        "preparation": "",
        "recipe": 6
    }
},
{
    "model": "ingredient.ingredient",
    "pk": 34,
    "fields": {
        "title": "hueso jamon",
        "quantity": "1",
        "measurement": "unidad",
        "preparation": "",
        "recipe": 6
    }
},
{
    "model": "ingredient.ingredient",
    "pk": 35,
    "fields": {
        "title": "hueso rodilla",
        "quantity": "1",
        "measurement": "unidad",
        "preparation": "",
        "recipe": 6
    }
},
{
    "model": "ingredient.ingredient",
    "pk": 36,
    "fields": {
        "title": "espinazo",
        "quantity": "1",
        "measurement": "unidad",
        "preparation": "",
        "recipe": 6
    }
},
{
    "model": "ingredient.ingredient",
    "pk": 37,
    "fields": {
        "title": "tomate triturado",
        "quantity": "1",
        "measurement": "bote (400 g)",
        "preparation": "",
        "recipe": 7
    }
},
{
    "model": "ingredient.ingredient",
    "pk": 38,
    "fields": {
        "title": "cebolla",
        "quantity": "1",
        "measurement": "",
        "preparation": "",
        "recipe": 7
    }
},
{
    "model": "ingredient.ingredient",
    "pk": 39,
    "fields": {
        "title": "ajo",
        "quantity": "2",
        "measurement": "dientes",
        "preparation": "",
        "recipe": 7
    }
},
{
    "model": "ingredient.ingredient",
    "pk": 40,
    "fields": {
        "title": "oregano",
        "quantity": "1",
        "measurement": "pizca",
        "preparation": "",
        "recipe": 7
    }
},
{
    "model": "ingredient.ingredient",
    "pk": 41,
    "fields": {
        "title": "sal",
        "quantity": "1",
        "measurement": "pizca",
        "preparation": "",
        "recipe": 7
    }
},
{
    "model": "ingredient.ingredient",
    "pk": 42,
    "fields": {
        "title": "pimienta negra",
        "quantity": "1",
        "measurement": "pizca",
        "preparation": "",
        "recipe": 7
    }
},
{
    "model": "ingredient.ingredient",
    "pk": 43,
    "fields": {
        "title": "aceite de oliva",
        "quantity": "2",
        "measurement": "cucharadas",
        "preparation": "",
        "recipe": 7
    }
},
{
    "model": "news.entry",
    "pk": 1,
    "fields": {
        "title": "Inauguraci\u00f3n",
        "slug": "inauguracion",
        "content": "<p>Hoy nace esta web de recetas colaborativa.</p>\r\n<p>Trataremos de juntar las mejores delicias que hacen disfrutar a nuestros paladares.</p>\r\n<p>El c&oacute;digo de la web esta alojado en github por si algui&eacute;n quiere proponer alguna mejora: <a href=\"https://github.com/pando85/openeats\" target=\"_blank\">https://github.com/pando85/openeats</a></p>\r\n<p>Salud y a cocinar! que la vida son dos d&iacute;as!</p>",
        "frontpage": true,
        "image": "uploads/news/oelogo.png",
        "pub_date": "2017-02-13T23:25:11.139"
    }
},
{
    "model": "auth.permission",
    "pk": 1,
    "fields": {
        "name": "Can add site",
        "content_type": 1,
        "codename": "add_site"
    }
},
{
    "model": "auth.permission",
    "pk": 2,
    "fields": {
        "name": "Can change site",
        "content_type": 1,
        "codename": "change_site"
    }
},
{
    "model": "auth.permission",
    "pk": 3,
    "fields": {
        "name": "Can delete site",
        "content_type": 1,
        "codename": "delete_site"
    }
},
{
    "model": "auth.permission",
    "pk": 4,
    "fields": {
        "name": "Can add flat page",
        "content_type": 2,
        "codename": "add_flatpage"
    }
},
{
    "model": "auth.permission",
    "pk": 5,
    "fields": {
        "name": "Can change flat page",
        "content_type": 2,
        "codename": "change_flatpage"
    }
},
{
    "model": "auth.permission",
    "pk": 6,
    "fields": {
        "name": "Can delete flat page",
        "content_type": 2,
        "codename": "delete_flatpage"
    }
},
{
    "model": "auth.permission",
    "pk": 7,
    "fields": {
        "name": "Can add log entry",
        "content_type": 3,
        "codename": "add_logentry"
    }
},
{
    "model": "auth.permission",
    "pk": 8,
    "fields": {
        "name": "Can change log entry",
        "content_type": 3,
        "codename": "change_logentry"
    }
},
{
    "model": "auth.permission",
    "pk": 9,
    "fields": {
        "name": "Can delete log entry",
        "content_type": 3,
        "codename": "delete_logentry"
    }
},
{
    "model": "auth.permission",
    "pk": 10,
    "fields": {
        "name": "Can add permission",
        "content_type": 4,
        "codename": "add_permission"
    }
},
{
    "model": "auth.permission",
    "pk": 11,
    "fields": {
        "name": "Can change permission",
        "content_type": 4,
        "codename": "change_permission"
    }
},
{
    "model": "auth.permission",
    "pk": 12,
    "fields": {
        "name": "Can delete permission",
        "content_type": 4,
        "codename": "delete_permission"
    }
},
{
    "model": "auth.permission",
    "pk": 13,
    "fields": {
        "name": "Can add group",
        "content_type": 5,
        "codename": "add_group"
    }
},
{
    "model": "auth.permission",
    "pk": 14,
    "fields": {
        "name": "Can change group",
        "content_type": 5,
        "codename": "change_group"
    }
},
{
    "model": "auth.permission",
    "pk": 15,
    "fields": {
        "name": "Can delete group",
        "content_type": 5,
        "codename": "delete_group"
    }
},
{
    "model": "auth.permission",
    "pk": 16,
    "fields": {
        "name": "Can add user",
        "content_type": 6,
        "codename": "add_user"
    }
},
{
    "model": "auth.permission",
    "pk": 17,
    "fields": {
        "name": "Can change user",
        "content_type": 6,
        "codename": "change_user"
    }
},
{
    "model": "auth.permission",
    "pk": 18,
    "fields": {
        "name": "Can delete user",
        "content_type": 6,
        "codename": "delete_user"
    }
},
{
    "model": "auth.permission",
    "pk": 19,
    "fields": {
        "name": "Can add content type",
        "content_type": 7,
        "codename": "add_contenttype"
    }
},
{
    "model": "auth.permission",
    "pk": 20,
    "fields": {
        "name": "Can change content type",
        "content_type": 7,
        "codename": "change_contenttype"
    }
},
{
    "model": "auth.permission",
    "pk": 21,
    "fields": {
        "name": "Can delete content type",
        "content_type": 7,
        "codename": "delete_contenttype"
    }
},
{
    "model": "auth.permission",
    "pk": 22,
    "fields": {
        "name": "Can add session",
        "content_type": 8,
        "codename": "add_session"
    }
},
{
    "model": "auth.permission",
    "pk": 23,
    "fields": {
        "name": "Can change session",
        "content_type": 8,
        "codename": "change_session"
    }
},
{
    "model": "auth.permission",
    "pk": 24,
    "fields": {
        "name": "Can delete session",
        "content_type": 8,
        "codename": "delete_session"
    }
},
{
    "model": "auth.permission",
    "pk": 25,
    "fields": {
        "name": "Can add Tagged Item",
        "content_type": 9,
        "codename": "add_taggeditem"
    }
},
{
    "model": "auth.permission",
    "pk": 26,
    "fields": {
        "name": "Can change Tagged Item",
        "content_type": 9,
        "codename": "change_taggeditem"
    }
},
{
    "model": "auth.permission",
    "pk": 27,
    "fields": {
        "name": "Can delete Tagged Item",
        "content_type": 9,
        "codename": "delete_taggeditem"
    }
},
{
    "model": "auth.permission",
    "pk": 28,
    "fields": {
        "name": "Can add Tag",
        "content_type": 10,
        "codename": "add_tag"
    }
},
{
    "model": "auth.permission",
    "pk": 29,
    "fields": {
        "name": "Can change Tag",
        "content_type": 10,
        "codename": "change_tag"
    }
},
{
    "model": "auth.permission",
    "pk": 30,
    "fields": {
        "name": "Can delete Tag",
        "content_type": 10,
        "codename": "delete_tag"
    }
},
{
    "model": "auth.permission",
    "pk": 31,
    "fields": {
        "name": "Can add registration profile",
        "content_type": 11,
        "codename": "add_registrationprofile"
    }
},
{
    "model": "auth.permission",
    "pk": 32,
    "fields": {
        "name": "Can change registration profile",
        "content_type": 11,
        "codename": "change_registrationprofile"
    }
},
{
    "model": "auth.permission",
    "pk": 33,
    "fields": {
        "name": "Can delete registration profile",
        "content_type": 11,
        "codename": "delete_registrationprofile"
    }
},
{
    "model": "auth.permission",
    "pk": 34,
    "fields": {
        "name": "Can add score",
        "content_type": 12,
        "codename": "add_score"
    }
},
{
    "model": "auth.permission",
    "pk": 35,
    "fields": {
        "name": "Can change score",
        "content_type": 12,
        "codename": "change_score"
    }
},
{
    "model": "auth.permission",
    "pk": 36,
    "fields": {
        "name": "Can delete score",
        "content_type": 12,
        "codename": "delete_score"
    }
},
{
    "model": "auth.permission",
    "pk": 37,
    "fields": {
        "name": "Can add similar user",
        "content_type": 13,
        "codename": "add_similaruser"
    }
},
{
    "model": "auth.permission",
    "pk": 38,
    "fields": {
        "name": "Can change similar user",
        "content_type": 13,
        "codename": "change_similaruser"
    }
},
{
    "model": "auth.permission",
    "pk": 39,
    "fields": {
        "name": "Can delete similar user",
        "content_type": 13,
        "codename": "delete_similaruser"
    }
},
{
    "model": "auth.permission",
    "pk": 40,
    "fields": {
        "name": "Can add ignored object",
        "content_type": 14,
        "codename": "add_ignoredobject"
    }
},
{
    "model": "auth.permission",
    "pk": 41,
    "fields": {
        "name": "Can change ignored object",
        "content_type": 14,
        "codename": "change_ignoredobject"
    }
},
{
    "model": "auth.permission",
    "pk": 42,
    "fields": {
        "name": "Can delete ignored object",
        "content_type": 14,
        "codename": "delete_ignoredobject"
    }
},
{
    "model": "auth.permission",
    "pk": 43,
    "fields": {
        "name": "Can add vote",
        "content_type": 15,
        "codename": "add_vote"
    }
},
{
    "model": "auth.permission",
    "pk": 44,
    "fields": {
        "name": "Can change vote",
        "content_type": 15,
        "codename": "change_vote"
    }
},
{
    "model": "auth.permission",
    "pk": 45,
    "fields": {
        "name": "Can delete vote",
        "content_type": 15,
        "codename": "delete_vote"
    }
},
{
    "model": "auth.permission",
    "pk": 46,
    "fields": {
        "name": "Can add Relationship status",
        "content_type": 16,
        "codename": "add_relationshipstatus"
    }
},
{
    "model": "auth.permission",
    "pk": 47,
    "fields": {
        "name": "Can change Relationship status",
        "content_type": 16,
        "codename": "change_relationshipstatus"
    }
},
{
    "model": "auth.permission",
    "pk": 48,
    "fields": {
        "name": "Can delete Relationship status",
        "content_type": 16,
        "codename": "delete_relationshipstatus"
    }
},
{
    "model": "auth.permission",
    "pk": 49,
    "fields": {
        "name": "Can add Relationship",
        "content_type": 17,
        "codename": "add_relationship"
    }
},
{
    "model": "auth.permission",
    "pk": 50,
    "fields": {
        "name": "Can change Relationship",
        "content_type": 17,
        "codename": "change_relationship"
    }
},
{
    "model": "auth.permission",
    "pk": 51,
    "fields": {
        "name": "Can delete Relationship",
        "content_type": 17,
        "codename": "delete_relationship"
    }
},
{
    "model": "auth.permission",
    "pk": 52,
    "fields": {
        "name": "Can add api access",
        "content_type": 18,
        "codename": "add_apiaccess"
    }
},
{
    "model": "auth.permission",
    "pk": 53,
    "fields": {
        "name": "Can change api access",
        "content_type": 18,
        "codename": "change_apiaccess"
    }
},
{
    "model": "auth.permission",
    "pk": 54,
    "fields": {
        "name": "Can delete api access",
        "content_type": 18,
        "codename": "delete_apiaccess"
    }
},
{
    "model": "auth.permission",
    "pk": 55,
    "fields": {
        "name": "Can add api key",
        "content_type": 19,
        "codename": "add_apikey"
    }
},
{
    "model": "auth.permission",
    "pk": 56,
    "fields": {
        "name": "Can change api key",
        "content_type": 19,
        "codename": "change_apikey"
    }
},
{
    "model": "auth.permission",
    "pk": 57,
    "fields": {
        "name": "Can delete api key",
        "content_type": 19,
        "codename": "delete_apikey"
    }
},
{
    "model": "auth.permission",
    "pk": 58,
    "fields": {
        "name": "Can add recipe",
        "content_type": 20,
        "codename": "add_recipe"
    }
},
{
    "model": "auth.permission",
    "pk": 59,
    "fields": {
        "name": "Can change recipe",
        "content_type": 20,
        "codename": "change_recipe"
    }
},
{
    "model": "auth.permission",
    "pk": 60,
    "fields": {
        "name": "Can delete recipe",
        "content_type": 20,
        "codename": "delete_recipe"
    }
},
{
    "model": "auth.permission",
    "pk": 61,
    "fields": {
        "name": "Can add reported recipe",
        "content_type": 21,
        "codename": "add_reportedrecipe"
    }
},
{
    "model": "auth.permission",
    "pk": 62,
    "fields": {
        "name": "Can change reported recipe",
        "content_type": 21,
        "codename": "change_reportedrecipe"
    }
},
{
    "model": "auth.permission",
    "pk": 63,
    "fields": {
        "name": "Can delete reported recipe",
        "content_type": 21,
        "codename": "delete_reportedrecipe"
    }
},
{
    "model": "auth.permission",
    "pk": 64,
    "fields": {
        "name": "Can add stored recipe",
        "content_type": 22,
        "codename": "add_storedrecipe"
    }
},
{
    "model": "auth.permission",
    "pk": 65,
    "fields": {
        "name": "Can change stored recipe",
        "content_type": 22,
        "codename": "change_storedrecipe"
    }
},
{
    "model": "auth.permission",
    "pk": 66,
    "fields": {
        "name": "Can delete stored recipe",
        "content_type": 22,
        "codename": "delete_storedrecipe"
    }
},
{
    "model": "auth.permission",
    "pk": 67,
    "fields": {
        "name": "Can add note recipe",
        "content_type": 23,
        "codename": "add_noterecipe"
    }
},
{
    "model": "auth.permission",
    "pk": 68,
    "fields": {
        "name": "Can change note recipe",
        "content_type": 23,
        "codename": "change_noterecipe"
    }
},
{
    "model": "auth.permission",
    "pk": 69,
    "fields": {
        "name": "Can delete note recipe",
        "content_type": 23,
        "codename": "delete_noterecipe"
    }
},
{
    "model": "auth.permission",
    "pk": 70,
    "fields": {
        "name": "Can add course",
        "content_type": 24,
        "codename": "add_course"
    }
},
{
    "model": "auth.permission",
    "pk": 71,
    "fields": {
        "name": "Can change course",
        "content_type": 24,
        "codename": "change_course"
    }
},
{
    "model": "auth.permission",
    "pk": 72,
    "fields": {
        "name": "Can delete course",
        "content_type": 24,
        "codename": "delete_course"
    }
},
{
    "model": "auth.permission",
    "pk": 73,
    "fields": {
        "name": "Can add cuisine",
        "content_type": 25,
        "codename": "add_cuisine"
    }
},
{
    "model": "auth.permission",
    "pk": 74,
    "fields": {
        "name": "Can change cuisine",
        "content_type": 25,
        "codename": "change_cuisine"
    }
},
{
    "model": "auth.permission",
    "pk": 75,
    "fields": {
        "name": "Can delete cuisine",
        "content_type": 25,
        "codename": "delete_cuisine"
    }
},
{
    "model": "auth.permission",
    "pk": 76,
    "fields": {
        "name": "Can add ingredient",
        "content_type": 26,
        "codename": "add_ingredient"
    }
},
{
    "model": "auth.permission",
    "pk": 77,
    "fields": {
        "name": "Can change ingredient",
        "content_type": 26,
        "codename": "change_ingredient"
    }
},
{
    "model": "auth.permission",
    "pk": 78,
    "fields": {
        "name": "Can delete ingredient",
        "content_type": 26,
        "codename": "delete_ingredient"
    }
},
{
    "model": "auth.permission",
    "pk": 79,
    "fields": {
        "name": "Can add user profiles",
        "content_type": 27,
        "codename": "add_userprofiles"
    }
},
{
    "model": "auth.permission",
    "pk": 80,
    "fields": {
        "name": "Can change user profiles",
        "content_type": 27,
        "codename": "change_userprofiles"
    }
},
{
    "model": "auth.permission",
    "pk": 81,
    "fields": {
        "name": "Can delete user profiles",
        "content_type": 27,
        "codename": "delete_userprofiles"
    }
},
{
    "model": "auth.permission",
    "pk": 82,
    "fields": {
        "name": "Can add entry",
        "content_type": 28,
        "codename": "add_entry"
    }
},
{
    "model": "auth.permission",
    "pk": 83,
    "fields": {
        "name": "Can change entry",
        "content_type": 28,
        "codename": "change_entry"
    }
},
{
    "model": "auth.permission",
    "pk": 84,
    "fields": {
        "name": "Can delete entry",
        "content_type": 28,
        "codename": "delete_entry"
    }
},
{
    "model": "auth.permission",
    "pk": 85,
    "fields": {
        "name": "Can add grocery list",
        "content_type": 29,
        "codename": "add_grocerylist"
    }
},
{
    "model": "auth.permission",
    "pk": 86,
    "fields": {
        "name": "Can change grocery list",
        "content_type": 29,
        "codename": "change_grocerylist"
    }
},
{
    "model": "auth.permission",
    "pk": 87,
    "fields": {
        "name": "Can delete grocery list",
        "content_type": 29,
        "codename": "delete_grocerylist"
    }
},
{
    "model": "auth.permission",
    "pk": 88,
    "fields": {
        "name": "Can add grocery shared",
        "content_type": 30,
        "codename": "add_groceryshared"
    }
},
{
    "model": "auth.permission",
    "pk": 89,
    "fields": {
        "name": "Can change grocery shared",
        "content_type": 30,
        "codename": "change_groceryshared"
    }
},
{
    "model": "auth.permission",
    "pk": 90,
    "fields": {
        "name": "Can delete grocery shared",
        "content_type": 30,
        "codename": "delete_groceryshared"
    }
},
{
    "model": "auth.permission",
    "pk": 91,
    "fields": {
        "name": "Can add grocery recipe",
        "content_type": 31,
        "codename": "add_groceryrecipe"
    }
},
{
    "model": "auth.permission",
    "pk": 92,
    "fields": {
        "name": "Can change grocery recipe",
        "content_type": 31,
        "codename": "change_groceryrecipe"
    }
},
{
    "model": "auth.permission",
    "pk": 93,
    "fields": {
        "name": "Can delete grocery recipe",
        "content_type": 31,
        "codename": "delete_groceryrecipe"
    }
},
{
    "model": "auth.permission",
    "pk": 94,
    "fields": {
        "name": "Can add grocery aisle",
        "content_type": 32,
        "codename": "add_groceryaisle"
    }
},
{
    "model": "auth.permission",
    "pk": 95,
    "fields": {
        "name": "Can change grocery aisle",
        "content_type": 32,
        "codename": "change_groceryaisle"
    }
},
{
    "model": "auth.permission",
    "pk": 96,
    "fields": {
        "name": "Can delete grocery aisle",
        "content_type": 32,
        "codename": "delete_groceryaisle"
    }
},
{
    "model": "auth.permission",
    "pk": 97,
    "fields": {
        "name": "Can add grocery item",
        "content_type": 33,
        "codename": "add_groceryitem"
    }
},
{
    "model": "auth.permission",
    "pk": 98,
    "fields": {
        "name": "Can change grocery item",
        "content_type": 33,
        "codename": "change_groceryitem"
    }
},
{
    "model": "auth.permission",
    "pk": 99,
    "fields": {
        "name": "Can delete grocery item",
        "content_type": 33,
        "codename": "delete_groceryitem"
    }
},
{
    "model": "auth.user",
    "pk": 1,
    "fields": {
        "password": "pbkdf2_sha256$30000$3jTWsqmfv7DH$ewVzN3dwNVnnVrF4jrwES71RfRR9dLJ+EXlg1Yu7CaQ=",
        "last_login": "2017-02-15T23:53:48.762",
        "is_superuser": true,
        "username": "agil",
        "first_name": "",
        "last_name": "",
        "email": "pando85@msn.com",
        "is_staff": true,
        "is_active": true,
        "date_joined": "2017-02-13T01:04:50.343",
        "groups": [],
        "user_permissions": []
    }
},
{
    "model": "auth.user",
    "pk": 4,
    "fields": {
        "password": "pbkdf2_sha256$30000$pPavUkmP415A$hKambaEBiI6kQP7VO81e4ytDVcV3OuNJ9VvQDi5CRkI=",
        "last_login": "2017-02-13T23:12:37.142",
        "is_superuser": false,
        "username": "alex",
        "first_name": "",
        "last_name": "",
        "email": "alexilarduya@hotmail.com",
        "is_staff": false,
        "is_active": true,
        "date_joined": "2017-02-13T23:02:46.294",
        "groups": [],
        "user_permissions": []
    }
},
{
    "model": "auth.user",
    "pk": 5,
    "fields": {
        "password": "pbkdf2_sha256$30000$sbBf2YiFchDV$5OHuAADqFi+9hfeVDXnqhbOoMFMd8k6muO+qwh7OGA4=",
        "last_login": "2017-02-13T23:21:52",
        "is_superuser": false,
        "username": "busna",
        "first_name": "",
        "last_name": "",
        "email": "busna1989@gmail.com",
        "is_staff": false,
        "is_active": true,
        "date_joined": "2017-02-13T23:18:37",
        "groups": [],
        "user_permissions": []
    }
},
{
    "model": "auth.user",
    "pk": 6,
    "fields": {
        "password": "pbkdf2_sha256$30000$OWnEtrh76Owi$LWNJZVNAnj8x7jQ7orZ+5+M7CD+2WnIbwX5rjRuHKpA=",
        "last_login": "2017-02-13T23:23:10.765",
        "is_superuser": false,
        "username": "mig",
        "first_name": "",
        "last_name": "",
        "email": "migueljgonz@gmail.com",
        "is_staff": false,
        "is_active": true,
        "date_joined": "2017-02-13T23:22:21.899",
        "groups": [],
        "user_permissions": []
    }
},
{
    "model": "auth.user",
    "pk": 7,
    "fields": {
        "password": "pbkdf2_sha256$30000$hTRQYukpZq0T$2ARUECk3mq02qU7NKbPMwc8egURxg8nv802zlMeahSs=",
        "last_login": "2017-02-15T17:23:01.700",
        "is_superuser": false,
        "username": "escabechada",
        "first_name": "",
        "last_name": "",
        "email": "jessymisi@gmail.com",
        "is_staff": false,
        "is_active": true,
        "date_joined": "2017-02-14T08:08:11.708",
        "groups": [],
        "user_permissions": []
    }
},
{
    "model": "auth.user",
    "pk": 8,
    "fields": {
        "password": "pbkdf2_sha256$30000$hoH1jqMOiKKp$v/wMYkzd8vfm5PLEP9lvJS76U+lkb2G9HRsAcGksgug=",
        "last_login": "2017-02-14T08:20:22.290",
        "is_superuser": false,
        "username": "geezee",
        "first_name": "",
        "last_name": "",
        "email": "geezee@snooop.org",
        "is_staff": false,
        "is_active": true,
        "date_joined": "2017-02-14T08:19:26.762",
        "groups": [],
        "user_permissions": []
    }
},
{
    "model": "auth.user",
    "pk": 9,
    "fields": {
        "password": "pbkdf2_sha256$30000$qa27XSb5WgjN$k/Zue8tjhMkxJUzHe8rWvRE90q5lZQPsOiLZ2mLNv2Y=",
        "last_login": "2017-02-14T08:24:52.504",
        "is_superuser": false,
        "username": "fguerra",
        "first_name": "",
        "last_name": "",
        "email": "fernando.guerrahernandez@gmail.com",
        "is_staff": false,
        "is_active": true,
        "date_joined": "2017-02-14T08:24:25.470",
        "groups": [],
        "user_permissions": []
    }
},
{
    "model": "auth.user",
    "pk": 10,
    "fields": {
        "password": "pbkdf2_sha256$30000$rTWjyaUvpWdA$0bARKbEyUv5N/tOSyXijYtK8OM8KBg+wdcFx3z1XGPE=",
        "last_login": "2017-02-14T08:30:18",
        "is_superuser": false,
        "username": "sergio",
        "first_name": "",
        "last_name": "",
        "email": "spc1983@gmail.com",
        "is_staff": false,
        "is_active": true,
        "date_joined": "2017-02-14T08:29:46",
        "groups": [],
        "user_permissions": []
    }
},
{
    "model": "auth.user",
    "pk": 11,
    "fields": {
        "password": "pbkdf2_sha256$30000$I9GcN3eAKWIF$wK0WjDQJfYm8a0OFqUJxF1mKUs4hyfP7lm5rNP1txT8=",
        "last_login": "2017-02-14T16:34:52",
        "is_superuser": false,
        "username": "martamg",
        "first_name": "",
        "last_name": "",
        "email": "margon.marta@gmail.com",
        "is_staff": false,
        "is_active": true,
        "date_joined": "2017-02-14T08:50:51",
        "groups": [],
        "user_permissions": []
    }
},
{
    "model": "auth.user",
    "pk": 12,
    "fields": {
        "password": "pbkdf2_sha256$30000$GpbnqP5E43TU$hQZ0LhUmz3coA4xPcludHsi6SVrzb6zVqspJEQ+8GMQ=",
        "last_login": null,
        "is_superuser": false,
        "username": "janr",
        "first_name": "",
        "last_name": "",
        "email": "josealberto001@gmail.com",
        "is_staff": false,
        "is_active": true,
        "date_joined": "2017-02-14T09:50:36.413",
        "groups": [],
        "user_permissions": []
    }
},
{
    "model": "auth.user",
    "pk": 13,
    "fields": {
        "password": "pbkdf2_sha256$30000$mC7hgWPLqQyv$foMVkkuuTf3Le2vOAk5ihLkd4Il0NDW3CB5aq9xZE60=",
        "last_login": null,
        "is_superuser": false,
        "username": "silviamaa",
        "first_name": "",
        "last_name": "",
        "email": "smarin2192@gmail.com",
        "is_staff": false,
        "is_active": true,
        "date_joined": "2017-02-15T09:45:18",
        "groups": [],
        "user_permissions": []
    }
},
{
    "model": "auth.user",
    "pk": 14,
    "fields": {
        "password": "pbkdf2_sha256$30000$XM2zMQvQUJZQ$jAX2Q1u0zS4RRTkwiQ9nHiJq7CbMg1wSLmXiN7fpbZ0=",
        "last_login": "2017-02-15T12:00:08",
        "is_superuser": false,
        "username": "veganillo",
        "first_name": "",
        "last_name": "",
        "email": "chemarilime@gmail.com",
        "is_staff": false,
        "is_active": true,
        "date_joined": "2017-02-15T11:59:44",
        "groups": [],
        "user_permissions": []
    }
},
{
    "model": "auth.user",
    "pk": 15,
    "fields": {
        "password": "pbkdf2_sha256$30000$9hmEistMqzbi$uVR8EvvwOqFik0yr0HJex1Bn/198VcyDCwbc/St8aAo=",
        "last_login": "2017-02-15T12:00:47.432",
        "is_superuser": false,
        "username": "jdelallana",
        "first_name": "",
        "last_name": "",
        "email": "jllanazamora@gmail.com",
        "is_staff": false,
        "is_active": true,
        "date_joined": "2017-02-15T12:00:20.242",
        "groups": [],
        "user_permissions": []
    }
},
{
    "model": "registration.registrationprofile",
    "pk": 3,
    "fields": {
        "user": 4,
        "activation_key": "d2f62073200953995e51765b0e8eee13d5f2766f",
        "activated": true
    }
},
{
    "model": "registration.registrationprofile",
    "pk": 4,
    "fields": {
        "user": 5,
        "activation_key": "781c4abd8d40c33e968dedd164c5894ee988aaff",
        "activated": true
    }
},
{
    "model": "registration.registrationprofile",
    "pk": 5,
    "fields": {
        "user": 6,
        "activation_key": "7ec59c559afbc83f0be8f556c0c2f07bd54c8acf",
        "activated": true
    }
},
{
    "model": "registration.registrationprofile",
    "pk": 6,
    "fields": {
        "user": 7,
        "activation_key": "b88156da286917f279c5cf88a44214ed99498263",
        "activated": true
    }
},
{
    "model": "registration.registrationprofile",
    "pk": 7,
    "fields": {
        "user": 8,
        "activation_key": "4d5003b01208643b98cd479e030e513f3fc9ce47",
        "activated": true
    }
},
{
    "model": "registration.registrationprofile",
    "pk": 8,
    "fields": {
        "user": 9,
        "activation_key": "33ccdacd412a78444840b8b001275e6494013c5c",
        "activated": true
    }
},
{
    "model": "registration.registrationprofile",
    "pk": 9,
    "fields": {
        "user": 10,
        "activation_key": "fe78e4e033319e900a5c651b009f0671fc7d6b08",
        "activated": true
    }
},
{
    "model": "registration.registrationprofile",
    "pk": 10,
    "fields": {
        "user": 11,
        "activation_key": "84729c8b017e7a0e776b0409f718f395f0a05de7",
        "activated": true
    }
},
{
    "model": "registration.registrationprofile",
    "pk": 11,
    "fields": {
        "user": 12,
        "activation_key": "82da120ecb8f91c5d91b7d639b2809ce98224a15",
        "activated": true
    }
},
{
    "model": "registration.registrationprofile",
    "pk": 12,
    "fields": {
        "user": 13,
        "activation_key": "e137da4163226b7802f6fdb3570c58d7d7c4ecb3",
        "activated": true
    }
},
{
    "model": "registration.registrationprofile",
    "pk": 13,
    "fields": {
        "user": 14,
        "activation_key": "4c8abc0c10279821556038ab55fdd8b386967575",
        "activated": true
    }
},
{
    "model": "registration.registrationprofile",
    "pk": 14,
    "fields": {
        "user": 15,
        "activation_key": "0fd8f3c352dbcc9995c01f731ebceb3441a2c3df",
        "activated": true
    }
}
]
